sample_id,I_raw,training_target,predicted_distance,prediction_error,location,extent
0,2.8260065858227725,2.8260065858227725,1.4584415,-1.3675650899273868,0.997270564214627,0.18328650480590306
1,2.4073115745773723,2.4073115745773723,1.4573902,-0.9499213854065349,0.42586451605150366,0.22674742102602288
2,0.22446030519921353,0.22446030519921353,0.70492756,0.4804672584680838,0.18234393693565354,0.21928029542644234
3,2.284810850550434,2.284810850550434,1.4552739,-0.8295369838969915,0.6205636283858632,0.36861489421125065
4,1.3846975527831682,1.3846975527831682,1.473676,0.08897841347964919,0.529736818283193,0.4384617869174329
5,1.4622498289888188,1.4622498289888188,0.7523633,-0.7098865048234746,0.9126442475316979,0.05321636775281264
6,0.4867647271982272,0.4867647271982272,1.2330743,0.7463095802434843,0.16167981532627795,0.30111953141621606
7,0.4940087066711938,0.4940087066711938,0.5211177,0.02710898055414801,0.46741671273650065,0.255193141782381
8,0.7274812223802475,0.7274812223802475,1.4420371,0.7145558831800553,0.11453858120286942,0.35106994977785183
9,2.05934745170453,2.05934745170453,1.458629,-0.6007184395966809,0.2736179082280157,0.2521736705860126
10,0.46411714380154373,0.46411714380154373,0.992297,0.5281798499309087,0.44324282006583515,0.263163591758684
11,0.2601631511044189,0.2601631511044189,0.79385746,0.5336943041491822,0.1254299647680518,0.15583996885436452
12,0.28843387567670764,0.28843387567670764,0.6688987,0.380464825991078,0.6181371936607712,0.20606899533669326
13,0.7184992251226603,0.7184992251226603,1.4438525,0.7253533187082113,0.7274957907375856,0.46159580410966194
14,0.6363415510646445,0.6363415510646445,0.62700295,-0.00933859658161229,0.41090495562064866,0.12505372023530564
15,1.1239802773157452,1.1239802773157452,1.4652863,0.34130597756706726,0.31635282388090236,0.3157996390108623
16,2.035381877236009,2.035381877236009,1.4530011,-0.5823807356878521,0.9493252298183685,0.09150357348662126
17,0.21329082631232602,0.21329082631232602,0.28769818,0.07440735317108768,0.06764755045323068,0.18905321886873758
18,0.8309219140304688,0.8309219140304688,1.0491269,0.21820494944914548,0.8342512733296459,0.14038598986002826
19,0.5077874523631285,0.5077874523631285,1.4302052,0.9224177735813905,0.2099360863705283,0.291241240126892
20,2.624110278924492,2.624110278924492,1.4882357,-1.1358745668731003,0.08190707704896727,0.36671148092855665
21,0.4620197949725273,0.4620197949725273,0.50522363,0.043203836886298363,0.5870926877806507,0.15040319389005724
22,0.8385756545025508,0.8385756545025508,1.4677333,0.6291576094668706,0.2981819271604573,0.4245067842116848
23,0.2560363815334413,0.2560363815334413,0.36991352,0.11387713689536116,0.9537302869719542,0.1632594636947171
24,2.212061440185951,2.212061440185951,1.4939728,-0.7180886618656386,0.8521072015655635,0.2969969978173469
25,2.730708861381216,2.730708861381216,1.502065,-1.2286439180676174,0.5195232290599621,0.1279718691887449
26,0.4890308085246612,0.4890308085246612,0.22073324,-0.2682975682778884,0.3916209514558624,0.13986867172113723
27,1.2159945556401761,1.2159945556401761,1.4743558,0.2583612612009494,0.8552891970477281,0.29664375622787353
28,1.0431440013488118,1.0431440013488118,1.4674077,0.4242637020508464,0.384098884112681,0.3649523523794228
29,0.49154270102048336,0.49154270102048336,0.84898096,0.3574382622096497,0.7781447126617621,0.07871229428362148
30,3.623146112076663,3.623146112076663,1.5036666,-2.11947947274866,0.37815997552239733,0.19056615489707293
31,1.5594307810285677,1.5594307810285677,1.4534497,-0.10598105492383136,0.6835017929987522,0.41183313368088603
32,0.8488409159451131,0.8488409159451131,1.4558539,0.6070130231112834,0.8926765934404803,0.3538773569893762
33,0.2766633697545564,0.2766633697545564,1.421608,1.1449446014368498,0.6251398582058743,0.48158258242614393
34,0.5418303327893598,0.5418303327893598,1.2906944,0.7488640231753009,0.6624009902322634,0.14618080852107396
35,1.584484178986053,1.584484178986053,1.4519756,-0.13250859495590173,0.8393344564006443,0.49710198936580946
36,3.0238826481095296,3.0238826481095296,1.4554269,-1.568455716728304,0.055247756812724425,0.13107349987319944
37,2.3409896057303734,2.3409896057303734,1.4494659,-0.8915237348731346,0.1542439000243392,0.10732136921240074
38,0.32321782053952075,0.32321782053952075,1.406533,1.0833151823138727,0.28453500619492067,0.38836062322413517
39,0.22363828371742012,0.22363828371742012,0.7424866,0.5188483123900628,0.6751741459274323,0.35563518132458366
40,0.3987665870028278,0.3987665870028278,0.64564985,0.24688326336567196,0.06804640703944653,0.25273626256870163
41,0.9943506310269828,0.9943506310269828,1.4415686,0.4472179820253853,0.48549624183635376,0.19456653071477037
42,0.4111734675957382,0.4111734675957382,0.5747847,0.16361122850640414,0.4393541449578907,0.11359208274786955
43,0.41611549156800337,0.41611549156800337,1.4371156,1.0210000584731953,0.9073442536803448,0.4191069989295629
44,0.7237644821682997,0.7237644821682997,0.815522,0.09175753292645739,0.5442663018119684,0.1451442958021302
45,0.6125150961901792,0.6125150961901792,1.4502566,0.8377414898846499,0.6691668316509773,0.4187692154169637
46,0.21309356769975488,0.21309356769975488,0.19242223,-0.02067134162839715,0.9759126230755567,0.447897009758479
47,0.5776862811097738,0.5776862811097738,1.2507838,0.6730975199690226,0.33554223086519686,0.2705328297271636
48,2.1006930696756583,2.1006930696756583,1.4524863,-0.6482067930490714,0.6884544673226175,0.12332923436348141
49,0.2717922803342072,0.2717922803342072,0.70276636,0.43097407851817926,0.6553728362172251,0.31535940586147504
50,1.5666354928530708,1.5666354928530708,1.4547834,-0.11185205321684033,0.7651021847907976,0.3339921380569792
51,0.6553210795597865,0.6553210795597865,0.7885415,0.13322041624023184,0.6836389271296122,0.06250664522718179
52,1.9722257188712726,1.9722257188712726,1.4542959,-0.5179298452293049,0.670462980738937,0.3992657957503223
53,3.750814181806229,3.750814181806229,1.4899707,-2.260843497754715,0.9208361918081255,0.3902586048795421
54,1.5572128865649142,1.5572128865649142,1.4549897,-0.10222321485776087,0.33987915600810803,0.299051274937694
55,2.446369293415862,2.446369293415862,1.4527845,-0.9935847551468191,0.9578147199491203,0.4867084140389642
56,0.2904662227540428,0.2904662227540428,1.1227342,0.8322679662794654,0.08816581496319809,0.44053081422930485
57,0.5818909274666718,0.5818909274666718,0.6684438,0.08655287155218805,0.7192962369891615,0.06175956886108049
58,0.6662037935171178,0.6662037935171178,1.4148945,0.7486906681146571,0.9437414692820334,0.36003259317269193
59,1.363653131464263,1.363653131464263,1.4770477,0.11339455034420864,0.4506717087754094,0.47406354670366296
60,0.7174279134648922,0.7174279134648922,1.3990523,0.6816243488413212,0.8031246713781857,0.29739932769534955
61,1.2741447684016471,1.2741447684016471,1.4143182,0.14017343552443928,0.9979974611069949,0.1530002107877208
62,1.8800142723387598,1.8800142723387598,1.4509876,-0.42902669490040535,0.38948713094809684,0.14142445240424073
63,0.8745408195930305,0.8745408195930305,1.4477594,0.5732185702842888,0.7347233234130078,0.4757556388703268
64,3.1548749787620367,3.1548749787620367,1.4598346,-1.6950404031089605,0.16360154923662562,0.3400732950401216
65,3.7136377174359385,3.7136377174359385,1.4593409,-2.254296787450892,0.12850700706002005,0.36553586449883646
66,1.7366489075309577,1.7366489075309577,1.4543828,-0.2822661303169074,0.07656353260800952,0.45187592171155794
67,0.5249435907878125,0.5249435907878125,1.3495874,0.8246438497029102,0.21155503571994438,0.2090583476698139
68,0.5257330449509627,0.5257330449509627,1.4445,0.9187669245314591,0.23829833512616394,0.48219436341948735
69,1.1417768595668574,1.1417768595668574,1.478286,0.3365091683414678,0.4212535122725066,0.41790627301339783
70,0.23811764410374653,0.23811764410374653,1.4076992,1.1695815832293224,0.27980953394444996,0.4805398445303269
71,0.4688659494641773,0.4688659494641773,0.41745448,-0.05141146833929938,0.0310015182140303,0.07255993869225134
72,0.485294382953612,0.485294382953612,1.4062535,0.9209590741157849,0.9127214196057354,0.49509143784140464
73,0.5588366857766476,0.5588366857766476,1.4357029,0.8768662341833744,0.5169977493416897,0.2141777256507608
74,2.966481463370545,2.966481463370545,1.5013996,-1.4650818271019292,0.1419319356524913,0.16990404932378342
